<?xml version="1.0" encoding="UTF-8" standalone="yes"?>
<addon id="service.xbmc.versioncheck" name="Version Check" version="10.5.14" provider-name="Team Kodi">
    <requires>
        <import addon="xbmc.python" version="2.14.0"/>
    </requires>
    <extension point="xbmc.service" library="resources/lib/runner.py" start="login"/>
    <extension point="xbmc.addon.metadata">
        <news>
- add Kodi 19.0 release
        </news>
        <assets>
            <icon>icon.png</icon>
        </assets>
        <summary lang="be">Kodi Version Check checks if you are running latest released version.</summary>
        <summary lang="bg">Проверява дали ползвате най-новата версия на Kodi.</summary>
        <summary lang="ca">Kodi Version Check comprova si està utilitzant la última versió publicada.</summary>
        <summary lang="cs">Kontrola verze Kodi, zkontroluje, zda používáte nejnovější vydanou verzi.</summary>
        <summary lang="da">Kodi undersøger om du benytter den nyeste version.</summary>
        <summary lang="de">Kodi Versionsprüfung prüft, ob die neuste Version von Kodi installiert ist.</summary>
        <summary lang="el">Ο Έλεγχος Έκδοσης Kodi εξετάζει αν έχετε την πιο πρόσφατη έκδοση του προγράμματος.</summary>
        <summary lang="en">Kodi Version Check checks if you are running latest released version.</summary>
        <summary lang="en_NZ">Kodi Version Check checks if you are running latest released version.</summary>
        <summary lang="en_US">Kodi Version Check checks if you are running latest released version.</summary>
        <summary lang="es">Kodi Version Check comprueba si está ejecutando la última versión de Kodi.</summary>
        <summary lang="es_MX">Comprobador de Version de Kodi comprueba si se esta ejecutando ultima version publicada.</summary>
        <summary lang="fi">Kodi Version Check tarkistaa onko käyttämäsi uusin versio.</summary>
        <summary lang="fr">Le contrôle de version de Kodi vérifie si la dernière version sortie est utilisée.</summary>
        <summary lang="fr_CA">Le contrôleur de version Kodi vérifie si vous utilisez la dernière version parue.</summary>
        <summary lang="gl">Kodi Version Check verifica se está a executar a última versión.</summary>
        <summary lang="he">בודק גרסת Kodi מוודא אם אתה מריץ את הגרסה הרשמית האחרונה.</summary>
        <summary lang="hr">Kodi provjeritelj inačice provjerava imate li posljednju inačicu izdanja.</summary>
        <summary lang="hu">Az Kodi verzió ellenőrző megvizsgálja, hogy a legújabb kiadást futtatja-e.</summary>
        <summary lang="id">Kodi Version Check mengecek apakah Anda menggunakan versi rilis terbaru.</summary>
        <summary lang="is">Kodi Version Check athugar hvort þú sért að keyra nýjustu viðurkennda útgáfu.</summary>
        <summary lang="it">Kodi Version Check verifica se hai l'ultima versione rilasciata</summary>
        <summary lang="ko">Kodi Version Checks는 최신 정식 릴리즈 버전을 사용중인지 검사해줍니다.</summary>
        <summary lang="lt">Kodi Version Check patikrina ar naudojate naujausią versiją.</summary>
        <summary lang="nl">Kodi versie-check controleert of je de laatst beschikbare versie hebt.</summary>
        <summary lang="no">Kodi Versjonsettersyn sjekker om du kjører den sist utgitte versjonen.</summary>
        <summary lang="pl">Dodatek Version Check sprawdza czy używasz najnowszej wersji Kodi.</summary>
        <summary lang="pt">O Kodi Version Check verifica se a sua versão de lançamento do Kodi está actualizada.</summary>
        <summary lang="pt_BR">Kodi Version Check verifica se você está executando a versão mais recente.</summary>
        <summary lang="ro">Verificare versiune Kodi verifică dacă folosiți ultima versiune lansată.</summary>
        <summary lang="ru">Kodi Version Check проверяет если вы используете последнюю версию</summary>
        <summary lang="sk">Kodi Kontrola verzií overuje, či používate najnovšiu vydanú verziu.</summary>
        <summary lang="sl">Preverjanje različice Kodi preveri, če imate nameščeno nazadnje izdano različico.</summary>
        <summary lang="sv">Kodi Version Check kontrollerar om du använder den senaste versionen.</summary>
        <summary lang="tr">Kodi Sürüm Kontrol yayınlanmış son sürümü kullanıp kullanmadığınızı kontrol eder.</summary>
        <summary lang="zh">Kodi 版本检查检查你使用的是否为最新发布的版本。</summary>
        <description lang="be">Kodi Version Check only supports a number of platforms/distros as releases may differ between them. For more information visit the kodi.tv website.</description>
        <description lang="bg">Kodi Version Check поддържа няколко платформи/дистрибуции. За повече информация посетете страницата www.kodi.tv</description>
        <description lang="ca">Kodi Version Check només és compatible amb una sèrie de plataformes / distribucions ja que les ultimes versions poden ser diferents entre elles. Per obtenir més informació, visiteu el lloc web kodi.tv.</description>
        <description lang="cs">Kontrola verze Kodi podporuje pouze několik platforem/distribucí a verze mezi nimi se můžou lišit. Pro více informací navštivte webové stránky kodi.tv.</description>
        <description lang="da">Kodi kan kun undersøge for opdateringer for visse platforme/udgaver, da der kan være forskel. For mere information, besøg kodi.tv.</description>
        <description lang="de">Kodi Versionsprüfung unterstützt nur ein paar Plattformen/Distributionen, da sich die jeweiligen Veröffentlichungen unterscheiden können. Für weitere Informationen besuchen Sie die kodi.tv-Webseite.</description>
        <description lang="el">Ο Έλεγχος Έκδοσης Kodi υποστηρίζει μόνο ορισμένα λειτουργικά συστήματα/διανομές, καθώς οι εκδόσεις διαφέρουν για το καθένα. Για περισσότερες πληροφορίες επισκεφθείτε το kodi.tv</description>
        <description lang="en">Kodi Version Check only supports a number of platforms/distros as releases may differ between them. For more information visit the kodi.tv website.</description>
        <description lang="en_NZ">Kodi Version Check only supports a number of platforms/distros as releases may differ between them. For more information visit the kodi.tv website.</description>
        <description lang="en_US">Kodi Version Check only supports a number of platforms/distros as releases may differ between them. For more information visit the kodi.tv website.</description>
        <description lang="es">Kodi Version Check solo soporta un número limitado de plataformas/distribuciones, ya que los lanzamientos pueden diferir entre ellos. Para más información, visite la web de kodi.tv.</description>
        <description lang="fi">Kodi Version Check tukee vain joitain alustoja/distroja koska julkaisut saattavat poiketa toisistaan. Saadaksesi lisätietoa, vieraile kodi.tv:ssä.</description>
        <description lang="fr">Le contrôle de version de Kodi ne prend en charge qu'un certain nombre de plate-formes/distributions car les versions peuvent varier entre elles. Pour plus d'informations, consulter le site Web kodi.tv.</description>
        <description lang="fr_CA">Le contrôleur de version Kodi ne prend en charge qu'un certain nombre de plate-formes/distributions car les versions peuvent varier entre elles. Pour plus d'informations, visitez le site Web kodi.tv.</description>
        <description lang="gl">Kodi Version Check só soporta un número limitado de plataformas/distribucións, xa que os lanzamentos poden diferir entre eles. Para máis información visitar o sitio web de kodi.tv.</description>
        <description lang="he">בודק גרסת Kodi תומך רק במספר פלטפורמות/הפצות מאחר שסימון הגרסאות שונה בין אחת לשניה. למידע נוסף בקר באתר kodi.tv.</description>
        <description lang="hr">Kodi provjeritelj inačice samo podržava broj platformi/distribucija koliko to dopuštaju pojedina izdanja. Za više informacija posjetite kodi.tv web stranicu.</description>
        <description lang="hu">Az Kodi verzió-ellenőrző csak néhány platformot / disztribúciót támogat, mert a kiadások között különbségek lehetnek. További információkért keresse fel az kodi.tv oldalt.</description>
        <description lang="id">Kodi Version Check hanya mendukung beberapa platform/distro karena rilisnya mungkin berbeda-beda. Untuk informasi lebih lanjut kunjungi situs kodi.tv.</description>
        <description lang="it">Kodi Version Check supporta un numero di piattaforme e distribuzioni diverse tra loro. Per più informazioni visita il sito kodi.tv</description>
        <description lang="ko">Kodi Versio Check는 일부 플랫폼/배포본만을 지원합니다. 자세한 정보는 kodi.tv 웹사이트에서 확인하세요</description>
        <description lang="lt">Kodi Version Check palaiko tik kelias platformas/distribucijas, nes leidimai tarp jų gali skirtis. Norėdami gauti daugiau informacijos, apsilankykite Kodi.tv puslapyje.</description>
        <description lang="nl">Kodi versie check ondersteunt alleen een aantal platforms/distro`s omdat uitgaven verschillen tussen hen. Voor meer informatie bezoek de kodi.tv website.</description>
        <description lang="no">Kodi Versjonsettersyn støtter kun noen plattformer/distribusjoner fordi utgivelser kan være forskjellige mellom dem. Besøk kodi.tv for mer informasjon.</description>
        <description lang="pl">Dodatek Version Check wspiera tylko część platform i dystrybucji. Więcej informacji na stronie kodi.tv</description>
        <description lang="pt">O Kodi Version Check suporta apenas algumas plataformas/distribuições, porque os lançamentos podem não ser sempre idênticos. Para mais informação, visite o site kodi.tv.</description>
        <description lang="pt_BR">Verificador de versões do Kodi somente suporta algumas plataformas/distros em que os lançamentos podem diferenciar entre si. Para maiores informações visite o website kodi.tv.</description>
        <description lang="ru">Проверка новых версий Kodi поддерживается только на ряде платформ/дистрибутивов и они могут различаться между собой. Для получения доп. информации посетите сайт kodi.tv</description>
        <description lang="sl">Preverjanje različice Kodi podpira le nekatere platforme/distribucije, saj se izdaje med njimi lahko zelo razlikujejo. Za več informacij obiščite spletišče kodi.tv</description>
        <description lang="sv">Kodi Version Check stöder endeast ett antal plattformar/distributioner eftersom utgivningar kan skilja mellan dessa. För mer information besök kodi.tv webplatsen.</description>
        <description lang="tr">Kodi Sürüm Kontrol sürümler arasında değişiklik olduğu için sadece birkaç platform/dağıtım destekler. Daha fazla bilgi için kodi.tv web sitesini ziyaret edin.</description>
        <description lang="zh">Kodi 版本检查只支持部分平台/发行版，它们之间的版本可能会有所不同。欲了解更多信息，请访问 kodi.tv 网站。</description>
        <disclaimer lang="be">Feel free to use this script. For information visit kodi.tv</disclaimer>
        <disclaimer lang="bg">Ползвайте скрипта свободно. За повече информация посетете www.kodi.tv</disclaimer>
        <disclaimer lang="ca">Sigues lliure d'utilitzar aquest script. Per més informació visita kodi.tv</disclaimer>
        <disclaimer lang="cs">Neváhejte použít tento skript. Pro více informací navštivte kodi.tv</disclaimer>
        <disclaimer lang="da">Du er velkommen til at bruge dette script. For information, besøg kodi.tv</disclaimer>
        <disclaimer lang="de">Zögern Sie nicht, dieses Skript zu verwenden. Für Informationen besuchen Sie kodi.tv</disclaimer>
        <disclaimer lang="el">Χρησιμοποιήστε αυτό το script ελεύθερα. Για πληροφορίες επισκεφθείτε το kodi.tv</disclaimer>
        <disclaimer lang="en">Feel free to use this script. For information visit kodi.tv</disclaimer>
        <disclaimer lang="en_NZ">Feel free to use this script. For information visit kodi.tv</disclaimer>
        <disclaimer lang="en_US">Feel free to use this script. For information visit kodi.tv</disclaimer>
        <disclaimer lang="es">Puede usar libremente este programa. Para más información, visite kodi.tv</disclaimer>
        <disclaimer lang="es_MX">Sientase libre de utilizar este script. Para mas información visita kodi.tv</disclaimer>
        <disclaimer lang="fr">Utiliser ce script si désiré. Pour plus d'informations, consulter le site kodi.tv</disclaimer>
        <disclaimer lang="fr_CA">N'hésitez pas à utiliser ce script. Pour plus d'informations visitez kodi.tv</disclaimer>
        <disclaimer lang="gl">Síntase libre de usar este script, para máis información visitar kodi.tv.</disclaimer>
        <disclaimer lang="he">תרגיש חופשי להשתמש בסקריפט זה. למידע נוסף בקר ב-kodi.tv</disclaimer>
        <disclaimer lang="hr">Slobodno koristite ovu skriptu. Za više informacija posjetite kodi.tv</disclaimer>
        <disclaimer lang="hu">Használja bátran ezt a szkriptet! Információkért keresse fel az kodi.tv oldalt!</disclaimer>
        <disclaimer lang="id">Jangan sungkan menggunakan script ini. Untuk informasi hubungi kodi.tv</disclaimer>
        <disclaimer lang="it">Usa liberamente lo script. Per informazioni visita kodi.tv</disclaimer>
        <disclaimer lang="ko">이 스크립트를 자유롭게 사용하세요. 관련 정보는 kodi.tv를 방문하세요.</disclaimer>
        <disclaimer lang="lt">Galite laisvai naudoti šį scenarijų. Apsilankykite kodi.tv, norėdami gauti daugiau informacijos.</disclaimer>
        <disclaimer lang="nl">Gebruik dit script vrijblijvend. Voor meer informatie bezoek kodi.tv</disclaimer>
        <disclaimer lang="no">Du har fri tillatelse til å benytte dette skriptet. Besøk kodi.tv for informasjon</disclaimer>
        <disclaimer lang="pl">Zapraszamy do używania tego dodatku. Więcej informacji na stronie kodi.tv</disclaimer>
        <disclaimer lang="pt">Esteja à vontade para usar este script. Para mais informação, visite kodi.tv.</disclaimer>
        <disclaimer lang="pt_BR">Sinta-se livre para usar este script. Para maiores informações visite kodi.tv</disclaimer>
        <disclaimer lang="ro">Simțiți-vă liberi să folosiți acest script. Pentru informații vizitați kodi.tv</disclaimer>
        <disclaimer lang="ru">Используйте этот скрипт на свое усмотрение. Для информации посетите kodi.tv</disclaimer>
        <disclaimer lang="sl">Izvolite uporabiti ta skript. Za dodatne informacije obiščite kodi.tv</disclaimer>
        <disclaimer lang="sv">Använd gärna detta skript. För information, besök kodi.tv</disclaimer>
        <disclaimer lang="tr">Bu betiği kullanmaktan çekinmeyin. Daha fazla bilgi için kodi.tv adresini ziyaret edin</disclaimer>
        <disclaimer lang="zh">可放心使用此脚本，更多信息访问 kodi.tv</disclaimer>
        <platform>all</platform>
        <license>GPL-2.0-or-later, GPL-3.0-or-later, Apache-2.0</license>
        <forum>https://forum.kodi.tv/showthread.php?tid=160228</forum>
        <website>https://kodi.tv</website>
        <source>https://github.com/XBMC-Addons/service.xbmc.versioncheck</source>
    </extension>
</addon>
