<?xml version="1.0" encoding="UTF-8" standalone="yes"?>
<addon id="plugin.program.newwizardk" name="[B][LOWERCASE][CAPITALIZE][COLOR white]New[COLOR aquamarine]WizardK[/CAPITALIZE][/LOWERCASE][/B][/COLOR]" version="2.9" provider-name="WizardK">
  <requires>
    <import addon="xbmc.python" version="2.1.0"/>
  </requires>
  <extension point="xbmc.python.pluginsource" library="default.py">
    <provides>executable</provides>
  </extension>
  <extension point="xbmc.service" library="startup.py" start="startup" />
  <extension point="xbmc.addon.metadata">
    <summary lang="en">Nuevo [COLOR orange]WizardK[/COLOR]</summary>
    <description lang="en">WizardK para Kodi</description>
    <platform>all</platform>
  </extension>
</addon>
