<favourites>
	<favourite name="Mundo oscuro" thumb="special://home/userdata/imagenes/icon.png">ActivateWindow(10025,&quot;plugin://plugin.video.MundoOscuro/?fanart=https%3a%2f%2fi.imgur.com%2fVPZrXqb.jpg&amp;mode=1&amp;name=%5bCOLOR%20white%5d%5bB%5d%20ENTRAR%3a%5b%2fCOLOR%5d%5b%2fB%5d&amp;url=https%3a%2f%2fbit.ly%2f2zP0y7g&amp;sf_options=fanart%3Dhttps%3A%2F%2Fi.imgur.com%2FVPZrXqb.jpg%26meta%3Dplot%253D%25255BCOLOR%252Bwhite%25255DCruza%252Bel%252BUmbral%252Ba%252Botros%252Bmundos%252Bdesconocidos%252By%252Bparanormales.%25255B%25252FCOLOR%25255D%2526votes%253D0%2526label%253D%25255BCOLOR%252Bwhite%25255D%25255BB%25255D%252BENTRAR%25253A%25255B%25252FCOLOR%25255D%25255B%25252FB%25255D%2526title%253D%25255BCOLOR%252Bwhite%25255D%25255BB%25255D%252BENTRAR%25253A%25255B%25252FCOLOR%25255D%25255B%25252FB%25255D%26desc%3D%5BCOLOR+white%5DCruza+el+Umbral+a+otros+mundos+desconocidos+y+paranormales.%5B%2FCOLOR%5D%26_options_sf&quot;,return)</favourite>
	<favourite name="O.V.N.I  2.0" thumb="special://home/userdata/imagenes/icon.png">ActivateWindow(10025,&quot;plugin://plugin.video.ovni/?sf_options=fanart%3Dspecial%3A%2F%2Fhome%2Faddons%2Fplugin.video.ovni%2Ffanart.jpg%26meta%3Dlabel%253D%25255BCOLOR%252Blime%25255D%25255BB%25255DO.V.N.I%252B%252B2.0%25255B%25252FB%25255D%25255B%25252FCOLOR%25255D%26desc%3DAddon+tematico+dedicado+a+otros+mundos...+Abre+los+ojos+a+otra+realidad.+Basado+en+Youtube+con+Licencia+GNU+GPL%26_options_sf&quot;,return)</favourite>
	<favourite name="Magufo" thumb="special://home/userdata/imagenes/icon.png">ActivateWindow(10025,&quot;plugin://plugin.video.magufo/?sf_options=fanart%3Dspecial%3A%2F%2Fhome%2Faddons%2Fplugin.video.magufo%2Ffanart.jpg%26meta%3Dlabel%253DMagufo%26desc%3DCanales+sobre+el+misterio+y+otros+temas+cientificos.+Actualizamos+a+diario+%3A%29%26_options_sf&quot;,return)</favourite>
	<favourite name="T E S L A" thumb="special://home/userdata/imagenes/icon.png">ActivateWindow(10025,&quot;plugin://plugin.video.Tesla/?sf_options=fanart%3Dspecial%3A%2F%2Fhome%2Faddons%2Fplugin.video.Tesla%2Ffanart.jpg%26meta%3Dlabel%253D%25255BCOLOR%252Bwhite%25255D%25255BB%25255DT%252BE%252BS%252BL%252BA%25255B%25252FB%25255D%25255B%25252FCOLOR%25255D%26desc%3DIdea+original+de+Mahs80%28%40Mahs8013%29...Addon+tematico+dedicado+a+Ciencia+y+Fisica+de+todos+los+tiempos..+descubre+los+limites+de+la+ciencia%2C+los+mayores+descubrimientos%2C+los+grandes+p%C3%A8nsadores+de+todas+las+epocas...+basado+en+Youtube+con+licencia+GNU+GPL.%26_options_sf&quot;,return)</favourite>
</favourites>