<favourites>
	<favourite name="[COLOR yellow]ATRESPLAYER[/COLOR]" thumb="special://home/addons/plugin.video.atresplayer/icon.png">ActivateWindow(10025,&quot;plugin://plugin.video.atresplayer/?sf_options=fanart%3Dspecial%3A%2F%2Fhome%2Faddons%2Fplugin.video.atresplayer%2Ffanart.jpg%26meta%3Dlabel%253DATRESPLAYER%26desc%3DATRESPLAYER+Addon%26_options_sf&quot;,return)</favourite>
	<favourite name="[COLOR yellow]CANAL SUR[/COLOR]" thumb="special://home/addons/plugin.video.canalsur/icon.png">ActivateWindow(10025,&quot;plugin://plugin.video.canalsur/?sf_options=fanart%3Dspecial%3A%2F%2Fhome%2Faddons%2Fplugin.video.canalsur%2Ffanart.jpg%26meta%3Dlabel%253DCANAL%252BSUR%26desc%3DCANAL+SUR+Addon%26_options_sf&quot;,return)</favourite>
	<favourite name="[COLOR yellow]CLAN[/COLOR]" thumb="special://home/addons/plugin.video.clan/icon.gif">ActivateWindow(10025,&quot;plugin://plugin.video.clan/?sf_options=fanart%3Dspecial%3A%2F%2Fhome%2Faddons%2Fplugin.video.clan%2Ffanart.jpg%26meta%3Dlabel%253DCLAN%26desc%3DCLAN+Addon%26_options_sf&quot;,return)</favourite>
	<favourite name="[COLOR yellow]DPLAY[/COLOR]" thumb="special://home/addons/plugin.video.dplay_dmax_dkiss/icon.png">ActivateWindow(10025,&quot;plugin://plugin.video.dplay_dmax_dkiss/?sf_options=fanart%3Dspecial%3A%2F%2Fhome%2Faddons%2Fplugin.video.dplay_dmax_dkiss%2Ffanart.jpg%26meta%3Dlabel%253DDPLAY%26desc%3DDPLAY+Addon%26_options_sf&quot;,return)</favourite>
	<favourite name="[COLOR yellow]MITELE[/COLOR]" thumb="special://home/addons/plugin.video.mitele/icon.png">ActivateWindow(10025,&quot;plugin://plugin.video.mitele/?sf_options=fanart%3Dspecial%3A%2F%2Fhome%2Faddons%2Fplugin.video.mitele%2Ffanart.jpg%26meta%3Dlabel%253DMITELE%26desc%3DMITELE+Addon%26_options_sf&quot;,return)</favourite>
	<favourite name="[COLOR yellow]MTMAD[/COLOR]" thumb="special://home/addons/plugin.video.mtmad/icon.png">ActivateWindow(10025,&quot;plugin://plugin.video.mtmad/?sf_options=fanart%3Dspecial%3A%2F%2Fhome%2Faddons%2Fplugin.video.mtmad%2Ffanart.jpg%26meta%3Dlabel%253DMTMAD%26desc%3DMTMAD+Addon%26_options_sf&quot;,return)</favourite>
	<favourite name="[COLOR yellow]RTVE[/COLOR]" thumb="special://home/addons/plugin.video.rtve/icon.png">ActivateWindow(10025,&quot;plugin://plugin.video.rtve/?sf_options=fanart%3Dspecial%3A%2F%2Fhome%2Faddons%2Fplugin.video.rtve%2Ffanart.jpg%26meta%3Dlabel%253DRTVE%26desc%3DRTVE+Addon%26_options_sf&quot;,return)</favourite>
	<favourite name="[COLOR yellow]Pluto TV[/COLOR]" thumb="special://home/addons/slyguy.pluto.tv.provider/icon.png">ActivateWindow(10025,&quot;plugin://slyguy.pluto.tv.provider/?_=live_tv&amp;sf_options=fanart%3Dspecial%3A%2F%2Fhome%2Faddons%2Fslyguy.pluto.tv.provider%2Ffanart.jpg%26meta%3Dplot%253D%25255BB%25255DLive%252BTV%25255B%25252FB%25255D%2526votes%253D0%2526label%253D%25255BB%25255DLive%252BTV%25255B%25252FB%25255D%2526title%253D%25255BB%25255DLive%252BTV%25255B%25252FB%25255D%26desc%3D%5BB%5DLive+TV%5B%2FB%5D%26_options_sf&quot;,return)</favourite>
</favourites>