<favourites>
	<favourite name="Cometelo" thumb="special://home/userdata/imagenes/icon.png">ActivateWindow(10025,&quot;plugin://plugin.video.youtube/channel/UC6-yMLlgnVL8f38wW8WUh-w/?sf_options=fanart%3Dhttp%3A%2F%2Fwww.coloryn.com%2Fes%2Fimages%2Fstories%2Fcometelo.jpg%26meta%3Dvotes%253D0%2526label%253D%25255BCOLOR%252Blime%25255DEntrar.%25255B%25252FCOLOR%25255D%2526title%253D%25255BCOLOR%252Blime%25255DEntrar.%25255B%25252FCOLOR%25255D%26_options_sf&quot;,return)</favourite>
	<favourite name="La cocina de chopo" thumb="special://home/userdata/imagenes/icon.png">ActivateWindow(10025,&quot;plugin://plugin.video.tvchopo/?action=la_cocina&amp;extra&amp;page&amp;plot&amp;thumbnail=https%3a%2f%2fi.imgur.com%2frJ5XhD6.png&amp;title=%5bB%5d%5bLOWERCASE%5d%5bCAPITALIZE%5d%5bCOLOR%20lime%5d%5bCOLOR%20white%5dla%20cocina%20de%20chopo%20%5bCOLOR%20white%5d%5b%2fCAPITALIZE%5d%5b%2fLOWERCASE%5d%5b%2fB%5d%5b%2fCOLOR%5d&amp;url=https%3a%2f%2fpastebin.com%2fraw%2fxBz5LAkW&amp;sf_options=fanart%3Dhttps%3A%2F%2Fi.imgur.com%2FcveyVhk.png%26meta%3Dvotes%253D0%2526label%253D%25255BB%25255D%25255BLOWERCASE%25255D%25255BCAPITALIZE%25255D%25255BCOLOR%252Blime%25255D%25255BCOLOR%252Bwhite%25255Dla%252Bcocina%252Bde%252Bchopo%252B%25255BCOLOR%252Bwhite%25255D%25255B%25252FCAPITALIZE%25255D%25255B%25252FLOWERCASE%25255D%25255B%25252FB%25255D%25255B%25252FCOLOR%25255D%2526title%253D%25255BB%25255D%25255BLOWERCASE%25255D%25255BCAPITALIZE%25255D%25255BCOLOR%252Blime%25255D%25255BCOLOR%252Bwhite%25255Dla%252Bcocina%252Bde%252Bchopo%252B%25255BCOLOR%252Bwhite%25255D%25255B%25252FCAPITALIZE%25255D%25255B%25252FLOWERCASE%25255D%25255B%25252FB%25255D%25255B%25252FCOLOR%25255D%26_options_sf&quot;,return)</favourite>
	<favourite name="Andalucia viderecetas" thumb="DefaultVideo.png">ActivateWindow(10025,&quot;plugin://plugin.video.youtube/channel/UCMGQZgR9FrWy28aRCJq7Qcg/?sf_options=meta%3Dvotes%253D0%2526label%253D%25255BCOLOR%252Blime%25255DEntrar.%25255B%25252FCOLOR%25255D%2526title%253D%25255BCOLOR%252Blime%25255DEntrar.%25255B%25252FCOLOR%25255D%26_options_sf&quot;,return)</favourite>
	<favourite name="Que viva la cocina" thumb="DefaultVideo.png">ActivateWindow(10025,&quot;plugin://plugin.video.youtube/channel/UCaYE5mZeDgNZshFsFl-rTEA/?sf_options=meta%3Dvotes%253D0%2526label%253D%25255BCOLOR%252Blime%25255DEntrar.%25255B%25252FCOLOR%25255D%2526title%253D%25255BCOLOR%252Blime%25255DEntrar.%25255B%25252FCOLOR%25255D%26_options_sf&quot;,return)</favourite>
</favourites>