<?xml version="1.0" encoding="utf-8" standalone="yes"?>
<settings>
<category label="30070">
    <setting id="VERSION"    type="text" label="" default="0.0.0" visible="false"/>
    <setting id="SFRUNNING"  type="text" label="" default="-1-0"    visible="false"/>	
    <setting id="MANUAL_ID"  type="text" label="" default="4"     visible="false"/>	
		
    <setting id="DISPLAYNAME" label="30120" type="labelenum" lvalues="30122|30121" visible="false"/>
    <setting id="FOLDER"      label="30056" type="folder"    default="" />
		
    <setting id="HOTKEY"      label="30026" type="labelenum" lvalues="30027|30028|30029|30030|30031|30032|30033|30034|30035|30036|30037|30038|30039|30058|30111"/>		
    <setting                  label="30112" type="action"    action="RunScript($CWD/keyProgrammer.py,super_favourites_hot.xml)" visible="eq(-1,14)"/>
		
    <setting id="CACHE"       label="30071" type="enum" lvalues="30072|30073|30074|30075"/>		
		
    <setting type="sep" visible="true" />	
		
    <setting id="DEBUG" label="30154" type="bool" default="false" />
		
    <setting type="sep" visible="true" />
</category>
	
<category label="30022">	
    <setting id="ALPHA_SORT"       label="30213" type="bool"      default="true" />	
    <setting id="LABEL_NUMERIC"    label="30223" type="bool"      default="true" />	
    <setting id="LABEL_NUMERIC_QL" label="35043" type="bool"      default="true" visible="false"/>	
    <setting id="SHOWNEW"          label="30023" type="bool"      default="false"  />
    <setting id="SHOWXBMC"         label="30024" type="bool"      default="true"  />		
    <setting id="SHOWSEP"          label="30051" type="bool"      default="true"  />			
    <setting id="SHOWUNAVAIL"      label="30138" type="bool"      default="true" />
    <setting id="SHOWIMPORT"       label="30139" type="bool"      default="false"  />		
		
    <setting id="DUMMY"            label="35021" type="lsep" />
    <setting id="INHERIT"          label="30096" type="bool"      default="false"  />	
    <setting id="SHOW_FANART"      label="30064" type="bool"      default="false"  />
    <setting id="DEFAULT_FANART"   label="30113" type="enum"      lvalues="30114|30115|30116" visible="eq(-1,true)"/>
    <setting id="DEFAULT_IMAGE"    label="30117" type="file"      default="" visible="eq(-1,1)+eq(-2,true)"/>		
		
    <setting id="ART_LANDSCAPE"    label="35025" type="enum"      lvalues="35024|35022|35023" default="0"/>
    <setting id="ART_BANNER"       label="35026" type="enum"      lvalues="35024|35022|35023" default="0" />
    <setting id="ART_POSTER"       label="35027" type="enum"      lvalues="35024|35022|35023" default="0" />
		
    <setting type="sep" visible="true" />			>
		
    <setting id="SHOW_STARTUP_TXT"   type="bool"  label="30221"  default="false" />	
    <setting id="STARTUP_TXT"        type="text"  label="30222"  default="Favoritos TelewizarD" visible="eq(-1,true)"/>	
		
    <setting type="sep" visible="true" />
		
    <setting id="DISABLEMOVIEVIEW" label="30208" type="bool"      default="true" visible="false" />	
    <setting id="CONTENTTYPE"      label="35028" type="labelenum" lvalues="35033|35034|35035|35031|35032|35030|35036|35029|35037" default="35029"/>		
    <setting id="VIEWTYPE"         label="30203" type="number"    default="0" />			
		
    <setting type="sep" visible="true" />
</category>
	
<category label="35000">
    <setting id="MENU_MSG"                    type="bool" default="false" visible="false"/>	
    <setting id="CONTEXT"       label="35001" type="bool" default="false" />
    <setting id="CONTEXT_STD"   label="35038" type="bool" default="false" />	
    <setting id="CONTEXT_STYLE" label="35002" type="enum" lvalues="35003|35004" visible="eq(-2,true)"/>
    <setting id="MENU_EDITFAVE" label="35018" type="bool" default="true" visible="eq(-2,true)|eq(-3,true)"/>
    
    <setting type="sep" visible="eq(-4,true)"/>
    		
    <setting id="DUMMY"        label="35040" type="lsep" visible="eq(-5,true)"/>
    <setting id="DUMMY"        label="35041" type="action"    action="RunScript($CWD/whitelist.py,True)"  option="close" visible="eq(-6,true)"/>
    <setting id="DUMMY"        label="35042" type="action"    action="RunScript($CWD/whitelist.py,False)" option="close" visible="eq(-7,true)"/>
    <setting id="WHITELIST"    label=""      type="text" default="true" visible="false"/>	
		
    <setting type="sep" />
		
    <setting id="DUMMY"        label="35005" type="lsep" visible="eq(-9,true)|eq(-10,true)"/>
		
    <setting id="MENU_QUICKLAUNCH"    label="35020" type="bool"   default="false"  visible="eq(-10,true)|eq(-11,true)"/>
    <setting id="MENU_ADDTOFAVES"     label="35006" type="bool"   default="true"  />
    <setting id="ADDTOFAVES_ON_STD"   label="35045" type="bool"   default="true" visible="eq(-1,true)"/>
    <setting id="MENU_PREV_LOCN"      label="35044" type="bool"   default="true" visible="eq(-2,true)"/>
    <setting id="MENU_DEF_ISEARCH"    label="35007" type="bool"   default="false"  visible="eq(-14,true)|eq(-15,true)"/>
    <setting id="MENU_ISEARCH"        label="35008" type="bool"   default="false"  visible="eq(-15,true)|eq(-16,true)"/>
    <setting id="MENU_IRECOMMEND"     label="35009" type="bool"   default="false"  visible="eq(-16,true)|eq(-17,true)"/>
    <setting id="MENU_COPY_PROPS"     label="35010" type="bool"   default="false"  visible="eq(-17,true)|eq(-18,true)"/>
    <setting id="MENU_VIEW_IMAGES"    label="35011" type="bool"   default="false"  visible="eq(-18,true)|eq(-19,true)"/>
    <setting id="MENU_SF_SETTINGS"    label="35012" type="bool"   default="false"  visible="eq(-19,true)|eq(-20,true)"/>
    <setting id="MENU_ADDON_SETTINGS" label="35013" type="bool"   default="false"  visible="eq(-20,true)|eq(-21,true)"/>
    <setting id="MENU_STD_MENU"       label="35014" type="bool"   default="false"  visible="eq(-21,true)|eq(-22,true)"/>
    <setting id="MENU_PLUGINS"        label="35019" type="bool"   default="false"  visible="eq(-22,true)|eq(-23,true)"/>
    <setting id="MENU_DOWNLOADS"      label="30241" type="bool"   default="false"  />	
    <setting id="DOWNLOAD_ON_STD"     label="35045" type="bool"   default="true" visible="eq(-1,true)"/>
    <setting id="DOWNLOAD_FOLDER"     label="30242" type="folder" default="special://home/addons/plugin.program.super.favourites/downloads" visible="eq(-2,true)"/>

		
    <setting type="sep" visible="eq(-23,true)|eq(-24,true)"/>
</category>>
	
<category label="30161">	
    <setting id="DUMMY"            label="30054" type="lsep"/>	
    <setting id="SHOWSS"           label="30055" type="bool"  default="false" />
    <setting id="CONTEXTSS"        label="35046" type="bool"  default="true" visible="eq(-1,true)"/>
    <setting id="SHOWREMEMBER"     label="30167" type="bool"  default="true"  visible="eq(-2,true)"/>
    <setting id="SHOWRECOMMEND"    label="30063" type="bool"  default="true"  visible="eq(-3,true)"/>
    <setting id="CONTEXTRECOMMEND" label="35046" type="bool"  default="true" visible="eq(-4,true)+eq(-1,true)"/>
    <setting id="METARECOMMEND"    label="30093" type="bool"  default="true"  visible="eq(-5,true)+eq(-2,true)"/>
    <setting id="SYNOPSRECOMMEND"  label="30157" type="bool"  default="true"  visible="eq(-6,true)+eq(-3,true)"/>
    <setting id="RECOMMENDFIRST"   label="30214" type="bool"  default="true" visible="eq(-7,true)+eq(-4,true)"/>
    <setting id="CACHERECOMMEND"   label="30089" type="bool"  default="true"  visible="eq(-8,true)+eq(-5,true)"/>
    <setting id="STRIPNUMBERS"     label="30095" type="bool"  default="true"  visible="eq(-9,true)"/>
		
    <setting id="DUMMY"                 label="30225" type="lsep"/>	
    <setting id="SHOWIEXPLORE"          label="30224" type="bool" default="false" />
		
    <setting id="DUMMY"                 label="30151" type="lsep"/>	
    <setting id="SHOWIPLAY"             label="30145" type="bool" default="false" />
    <setting id="COPY_PLAYLISTS"        label="30149" type="bool" default="false" visible="eq(-1,true)"/>
    <setting id="ALLOW_PLAYLIST_DELETE" label="30152" type="bool" default="true" visible="eq(-2,true)"/>
		
    <setting type="sep" visible="true" />
</category>
	
<category label="30082">
    <setting id="AUTOSTART" label="30162" type="bool" default="true" />
		
    <setting type="sep" visible="true" />
		
    <setting id="PLAY_PLAYLISTS" label="30083" type="bool" default="false" />
				
    <setting type="sep" visible="true" />
		
    <setting id="REMOTE"       label="30125" type="bool"                           default="false" />
    <setting id="LOCATION"     label="30126" type="text"                           default=""      visible="eq(-1,true)"/>
    <setting id="IMPORT_RESET" label="30218" type="bool"                           default="true" />
    <setting                   label="30127" type="action"    action="RunScript($CWD/importer.py,True)"  option="close" />
    <setting                   label="30128" type="action"    action="RunScript($CWD/importer.py,False)" option="close" />
		
    <setting type="sep" visible="true" />
</category>
</settings> 