<?xml version="1.0" encoding="UTF-8" standalone="yes"?>
<addon id="plugin.program.newwizardk" name="[COLOR red]TelewizarD[/COLOR]" version="3.2.2" provider-name="WizardK">
  <requires>
    <import addon="xbmc.python" version="2.1.0"/>
  </requires>
  <extension point="xbmc.python.pluginsource" library="default.py">
    <provides>executable</provides>
  </extension>
  <extension point="xbmc.service" library="startup.py" start="startup" />
  <extension point="xbmc.addon.metadata">
    <summary lang="en">Nuevo [COLOR red]TelewizarD[/COLOR]</summary>
    <description lang="en">TelewizarD para Kodi</description>
    <platform>all</platform>
  </extension>
</addon>
