<favourites>
	<favourite name="Test de Velocidad" thumb="special://home/addons/script.kodispeedtest/icon.png">RunScript(&quot;script.kodispeedtest/?content_type=executable&amp;sf_options=fanart%3Dspecial%3A%2F%2Fhome%2Faddons%2Fscript.kodispeedtest%2Ffanart.jpg%26meta%3Dlabel%253DTest%252Bde%252BVelocidad%26desc%3DTest+de+velocidad%26_options_sf&quot;)</favourite>
	<favourite name="Aplicaciones especiales" thumb="https://archive.org/download/wizardk_201812/icon.png">ActivateWindow(10001,&quot;plugin://plugin.program.newwizardk/?mode=apk&amp;sf_options=fanart%3Dspecial%3A%2F%2Fhome%2Faddons%2Fplugin.program.newwizardk%2Ffanart.jpg%26meta%3Dplot%253D%25255BCOLOR%252Bred%25255DWizardK%25255B%25252FCOLOR%25255D%2526votes%253D0%2526label%253D%25255BB%25255D%25255BLOWERCASE%25255D%25255BCAPITALIZE%25255D%25255BCOLOR%252Bwhite%25255D%25255BCOLOR%252Bred%25255D%25255BCOLOR%252Bblue%25255D%25255B%25252FB%25255D%25255BB%25255D%25255BCOLOR%252Bwhite%25255DInstalar%252BApps%252BAndroid%25255B%25252FCOLOR%25255D%25255B%25252FCAPITALIZE%25255D%25255B%25252FLOWERCASE%25255D%25255B%25252FB%25255D%2526title%253D%25255BB%25255D%25255BLOWERCASE%25255D%25255BCAPITALIZE%25255D%25255BCOLOR%252Bwhite%25255D%25255BCOLOR%252Bred%25255D%25255BCOLOR%252Bblue%25255D%25255B%25252FB%25255D%25255BB%25255D%25255BCOLOR%252Bwhite%25255DInstalar%252BApps%252BAndroid%25255B%25252FCOLOR%25255D%25255B%25252FCAPITALIZE%25255D%25255B%25252FLOWERCASE%25255D%25255B%25252FB%25255D%26desc%3D%5BCOLOR+red%5DWizardK%5B%2FCOLOR%5D%26_options_sf&quot;,return)</favourite>
	<favourite name="Reparar TelewizarD" thumb="https://www.softzone.es/app/uploads/2016/12/kodi17.jpg">PlayMedia(&quot;plugin://plugin.program.newwizardk/?mode=install&amp;name=WIZARDK+KODI+18&amp;url=fresh&amp;sf_options=fanart%3Dhttps%3A%2F%2Fwww.softzone.es%2Fapp%2Fuploads%2F2016%2F12%2Fkodi17.jpg%26meta%3Dplot%253Dpruebas%2526votes%253D0%2526label%253D%25255BB%25255D%25255BLOWERCASE%25255D%25255BCAPITALIZE%25255D%25255BCOLOR%252Bwhite%25255D%25255BCOLOR%252Bred%25255D%25255BCOLOR%252Bblue%25255D%25255B%25252FB%25255D%25255BB%25255D%25255BCOLOR%252Bwhite%25255D%25255BCOLOR%252Bwhite%25255DINSTALAR%252BO%252BREPARAR%25255B%25252FCOLOR%25255D%25255B%25252FCOLOR%25255D%25255B%25252FCAPITALIZE%25255D%25255B%25252FLOWERCASE%25255D%25255B%25252FB%25255D%2526title%253D%25255BB%25255D%25255BLOWERCASE%25255D%25255BCAPITALIZE%25255D%25255BCOLOR%252Bwhite%25255D%25255BCOLOR%252Bred%25255D%25255BCOLOR%252Bblue%25255D%25255B%25252FB%25255D%25255BB%25255D%25255BCOLOR%252Bwhite%25255D%25255BCOLOR%252Bwhite%25255DINSTALAR%252BO%252BREPARAR%25255B%25252FCOLOR%25255D%25255B%25252FCOLOR%25255D%25255B%25252FCAPITALIZE%25255D%25255B%25252FLOWERCASE%25255D%25255B%25252FB%25255D%26winID%3D10001%26desc%3Dpruebas%26_options_sf&quot;)</favourite>
	<favourite name="Verificar version kodi" thumb="special://home/userdata/imagenes/icon.png">ActivateWindow(systeminfo)</favourite>
</favourites>