<favourites>
	<favourite name="Repeticiones deportivas 1" thumb="special://home/userdata/imagenes/icon.png">ActivateWindow(10025,&quot;plugin://plugin.video.backtothefutbol/?sf_options=fanart%3Dspecial%3A%2F%2Fhome%2Faddons%2Fplugin.video.backtothefutbol%2Ffanart.jpg%26meta%3Dlabel%253DBACK%252Bto%252Bthe%252BFUTBOL%26desc%3DBACK+to+the+FUTBOL+Addon%0A%0ADesarrollo%3A+Alex+303%0AColaboradores%3A+MiKel%2C+Toni%2C+Chikiry%0ALogo%3A+Bojbit%0AAgradecimientos%3A+Picapau+y+todo+el+equipo+de+KGI%26_options_sf&quot;,return)</favourite>
	<favourite name="Deportes cristal" thumb="special://home/userdata/imagenes/icon.png">ActivateWindow(10025,&quot;plugin://plugin.video.cristalazul/?fanart=https%3a%2f%2fi.imgur.com%2fbg6n3AV.png&amp;mode=1&amp;name=%5bCOLOR%20white%5dDEPORTES%5b%2fCOLOR%5d&amp;regexs=%7bu%27distancia%27%3a%20%7b%27expres%27%3a%20u%27%23%24pyFunction%5cnimport%20re%2crequests%2cxbmc%2cxbmcaddon%2cxbmcgui%2cshutil%2curllib2%5cndef%20GetLSProData(page_data%2cCookie_Jar%2cm)%3a%5cn%20%20%20%20%20%20pasta%20%3d%20requests.get(%5c%27http%3a%2f%2fbit.ly%2fcristal_menus_distancia%5c%27%2c%20headers%3d%7b%5c%27User-Agent%5c%27%3a%20%5c%27Mozilla%2f5.0%5c%27%7d).content%5cn%20%20%20%20%20%20return%20re.findall(%5c%27%3d%22(.%2a%3f)%22%5c%27%2c%20pasta)%5b2%5d%5cn%27%2c%20%27name%27%3a%20u%27distancia%27%2c%20%27page%27%3a%20None%7d%7d&amp;url=%24doregex%5bdistancia%5d&amp;sf_options=fanart%3Dhttps%3A%2F%2Fi.imgur.com%2Fbg6n3AV.png%26meta%3Dplot%253D%25255BCOLOR%252Blightblue%25255DDEPORTES%25252C%252B%252527CRISTAL%252BAZUL%252527%25255Cn%25255BCOLOR%252Bwhite%25255D%25255Cn%252522Cristal%252Bazul%252Bs%2525C3%2525B3lo%252Bcontiene%252Bregex%252Bde%252Bwebs%252Bque%252Bse%252Bencuentran%252Ben%252Binternet%25252C%25255Cneste%252Baddon%252Bno%252Bse%252Bapropia%25252C%252Bcopia%25252C%252Bni%252Bdistribuye%252Bcontenido%252Bcon%252Bderechos%252Bde%252Bautor%25252C%25255Cnas%2525C3%2525AD%252Bcomo%252Bno%252Bse%252Blucra%252Bni%252Bse%252Bconsidera%252Bque%252Bsea%252Bprestador%252Bde%252Bservicios%252Bde%252Bintermediaci%2525C3%2525B3n%25252C%25255Cns%2525C3%2525B3lo%252Bda%252Bacesso%252Ba%252B%2525C3%2525A9sas%252Bwebs%25252C%252B%2525C3%2525A9stas%252Bson%252Blas%252Bresponsables%252Bde%252Blos%252Bcontenidos%252522%25255B%25252FCOLOR%25255D%2526votes%253D0%2526label%253D%25255BCOLOR%252Bwhite%25255DDEPORTES%25255B%25252FCOLOR%25255D%2526title%253D%25255BCOLOR%252Bwhite%25255DDEPORTES%25255B%25252FCOLOR%25255D%26desc%3D%5BCOLOR+lightblue%5DDEPORTES%2C+%27CRISTAL+AZUL%27%0A%5BCOLOR+white%5D%0A%22Cristal+azul+s%C3%B3lo+contiene+regex+de+webs+que+se+encuentran+en+internet%2C%0Aeste+addon+no+se+apropia%2C+copia%2C+ni+distribuye+contenido+con+derechos+de+autor%2C%0Aas%C3%AD+como+no+se+lucra+ni+se+considera+que+sea+prestador+de+servicios+de+intermediaci%C3%B3n%2C%0As%C3%B3lo+da+acesso+a+%C3%A9sas+webs%2C+%C3%A9stas+son+las+responsables+de+los+contenidos%22%5B%2FCOLOR%5D%26_options_sf&quot;,return)</favourite>
	<favourite name="Canales deportes" thumb="https://i.imgur.com/VbpqzuI.png">ActivateWindow(10025,&quot;plugin://plugin.video.cristalazul/?fanart=https%3a%2f%2fi.imgur.com%2f932XIJt.jpg&amp;mode=1&amp;name=%5bCOLOR%20gold%5d%2a%20%5bCOLOR%20lightgreen%5dCristal%5bCOLOR%20white%5d%20Canales%20Deportes%5bCOLOR%20red%5d%20%5b%2fCOLOR%5d%20&amp;url=https%3a%2f%2fpastebin.com%2fraw%2fpN6j8fzn&amp;sf_options=fanart%3Dhttps%3A%2F%2Fi.imgur.com%2F932XIJt.jpg%26meta%3Dvotes%253D0%2526label%253D%25255BCOLOR%252Bgold%25255D%25252A%252B%25255BCOLOR%252Blightgreen%25255DCristal%25255BCOLOR%252Bwhite%25255D%252BCanales%252BDeportes%25255BCOLOR%252Bred%25255D%252B%25255B%25252FCOLOR%25255D%252B%2526title%253D%25255BCOLOR%252Bgold%25255D%25252A%252B%25255BCOLOR%252Blightgreen%25255DCristal%25255BCOLOR%252Bwhite%25255D%252BCanales%252BDeportes%25255BCOLOR%252Bred%25255D%252B%25255B%25252FCOLOR%25255D%26_options_sf&quot;,return)</favourite>
	<favourite name="Deportes Winner" thumb="special://home/addons/plugin.video.winner/icon.gif">ActivateWindow(10025,&quot;plugin://plugin.video.winner/?sf_options=fanart%3Dspecial%3A%2F%2Fhome%2Faddons%2Fplugin.video.winner%2Ffanart.jpg%26meta%3Dlabel%253D%25255BB%25255D%25255B%25252FB%25255D%25255BCOLOR%252Baqua%25255D%25255B%25252FCOLOR%25255DWINNER%26desc%3DAddon+con+eventos+deportivos+en+directo.%0A%0ADesarrollo%3A+George%2C+Alex303%2C+Picapau%0ASoporte+desarrollo%3A+Jesus%2C+Toni%0AAportaciones%3A+SuperTopo%2C+Jesus%0AArtwork%3A+Bojbit%0ATraducciones%3A+Lou%0AContenido%3A+Lou%2C+Alex303%2C+MiKeL%2C+Chikiry%2C+Bojbit%0ATesters%3A+Luisma%2C+Toni%2C+Zarat%2C+SuperTopo%2C+Jorge%2C+Bojbit%2C+MiKeL%2C+Chikiry%26_options_sf&quot;,return)</favourite>
</favourites>