<favourites>
	<favourite name="CRISTAL AZUL" thumb="special://home/userdata/imagenes/icon.png">ActivateWindow(10025,&quot;plugin://plugin.video.cristalazul/?sf_options=meta%3Dlabel%253D%25255BCOLOR%252Baqua%25255DCRISTAL%252BAZUL%25255B%25252FCOLOR%25255D%26desc%3DESTE+ADDON+NO+CONTIENE+ENLACES+PROPIOS%2CSON+RECOPILACIONES+DE+LA+RED%2C+SOLO+SE+FACILITA+EL+ACESSO+A+ESAS+WEBS%2C+ESTAS+WEBS+SON+LAS+RESPONSABLES+DE+LOS+CONTENIDOS%26_options_sf&quot;,return)</favourite>
	<favourite name="*FESTA*" thumb="special://home/userdata/imagenes/icon.png">ActivateWindow(10025,&quot;plugin://plugin.video.festa/?content_type=video&amp;sf_options=fanart%3Dspecial%3A%2F%2Fhome%2Faddons%2Fplugin.video.festa%2Ffanart.jpg%26meta%3Dlabel%253D%25255BCOLOR%252Baqua%25255D%25252A%25255B%25252FCOLOR%25255D%25255BCOLOR%252Blime%25255DFESTA%25255B%25252FCOLOR%25255D%25255BCOLOR%252Baqua%25255D%25252A%25255B%25252FCOLOR%25255D%26desc%3DMUCHOS+VIERNES+A+LAS+22%3A00H+%28HORA+PENINSULAR%29%2CSACAMOS+UNA+NUEVA+SECCION.+festa+2017%2F18+version+0.0.10+%2C+modificado+para+que+sea+tambien+un+repositorio%2CCONTEO+DE+ENTRADAS+AL+ADDON%26_options_sf&quot;,return)</favourite>
	<favourite name="Especial coronavirus" thumb="special://home/userdata/imagenes/icon.png">ActivateWindow(10025,&quot;plugin://plugin.video.tvchopo/?fanart=https%3a%2f%2fi.imgur.com%2fVscyP7j.jpg&amp;mode=1&amp;name=%5bB%5d%5bLOWERCASE%5d%5bCAPITALIZE%5d%5bCOLOR%20white%5d%20especial%20%5bCOLOR%20gold%5dcoronavirus%5b%2fCAPITALIZE%5d%5b%2fLOWERCASE%5d%5b%2fB%5d%5b%2fCOLOR%5d&amp;url=https%3a%2f%2fpastebin.com%2fraw%2fTX5M0VP2&amp;sf_options=fanart%3Dhttps%3A%2F%2Fi.imgur.com%2FVscyP7j.jpg%26meta%3Dvotes%253D0%2526label%253D%25255BB%25255D%25255BLOWERCASE%25255D%25255BCAPITALIZE%25255D%25255BCOLOR%252Bwhite%25255D%252Bespecial%252B%25255BCOLOR%252Bgold%25255Dcoronavirus%25255B%25252FCAPITALIZE%25255D%25255B%25252FLOWERCASE%25255D%25255B%25252FB%25255D%25255B%25252FCOLOR%25255D%2526title%253D%25255BB%25255D%25255BLOWERCASE%25255D%25255BCAPITALIZE%25255D%25255BCOLOR%252Bwhite%25255D%252Bespecial%252B%25255BCOLOR%252Bgold%25255Dcoronavirus%25255B%25252FCAPITALIZE%25255D%25255B%25252FLOWERCASE%25255D%25255B%25252FB%25255D%25255B%25252FCOLOR%25255D%26_options_sf&quot;,return)</favourite>
	<favourite name="Camaras de todo el mundo" thumb="special://home/userdata/imagenes/icon.png">ActivateWindow(10025,&quot;plugin://plugin.video.skylinecctv/?sf_options=meta%3Dlabel%253DSkyline%252BWebCams%26desc%3DSkyline+webcams%26_options_sf&quot;,return)</favourite>
	<favourite name="Especial semana santa" thumb="special://home/userdata/imagenes/icon.png">ActivateWindow(10025,&quot;plugin://plugin.video.elpaso/?fanart=https%3a%2f%2fi.imgur.com%2f3lasiEf.jpg&amp;mode=53&amp;name=%5bCOLOR%20yellow%5d%2a%5b%2fCOLOR%5d%20%5bCOLOR%20orangered%5dADDON%20EL%20PASO%20%5bCOLOR%20yellow%5d(ENTRAR%20AQUI)%5b%2fCOLOR%5d&amp;url=plugin%3a%2f%2fplugin.video.cristalazul%2f%3ffanart%3dhttps%253a%252f%252fi.imgur.com%252f3lasiEf.jpg%26mode%3d1%26name%3d%255bCOLOR%2520yellow%255d%252a%255b%252fCOLOR%255d%2520%255bCOLOR%2520orangered%255dADDON%2520EL%2520PASO%2520%255bCOLOR%2520yellow%255d(ENTRAR%2520AQUI)%255b%252fCOLOR%255d%26regexs%3d%257bu%2527restaurode%2527%253a%2520%257b%2527expres%2527%253a%2520u%2527%2523%2524pyFunction%255cr%255cndef%2520GetLSProData(page_data%252cCookie_Jar%252cm)%253a%255cr%255cn%2520import%2520xbmc%252c%2520xbmcaddon%255cr%255cn%2520instalado%2520%253d%2520xbmc.getCondVisibility(%255c%2527System.HasAddon(plugin.video.blackghost)%255c%2527)%255cr%255cn%2520if%2520instalado%253d%253d0%253a%255cr%255cn%2520%2520%2520return%2520%255c%2527https%253a%252f%252fpastebin.com%252fraw%252fFvvtTuvN%255c%2527%255cr%255cn%2520else%253a%255cr%255cn%2520%2520%2520return%2520%2520ejecutarinstalado()%255cr%255cn%255cr%255cndef%2520ejecutarinstalado()%253a%255cr%255cn%2520%2520%2520%2520import%2520re%252crequests%252cos%252cxbmc%255cr%255cn%2520%2520%2520%2520html%2520%253d%2520requests.get(%255c%2527https%253a%252f%252fpastebin.com%252fraw%252f8TnE4jwA%255c%2527%252c%2520headers%253d%257b%255c%2527User-Agent%255c%2527%253a%2520%255c%2527Mozilla%252f5.0%2520(Windows%2520NT%25206.3%253b%2520WOW64%253b%2520rv%253a55.0)%2520Gecko%252f20100101%2520Firefox%252f55.0%255c%2527%252c%2520%255c%2527Referer%255c%2527%253a%2520%255c%2527https%253a%252f%252fpastebin.com%255c%2527%257d%252c%2520verify%253dFalse).text%255cr%255cn%2520%2520%2520%2520if%2520%255c%2527blackghost%255c%2527%2520in%2520html%253a%255cr%255cn%2520%2520%2520%2520%2520%2520file%2520%253d%2520open(r%2522%2524doregex%255bmiversionresolveurl1%255ddefault.py%2522%252c%2520mode%253d%2522w%252b%2522)%253blineas%2520%253d%2520html.splitlines()%2520%2520%255cr%255cn%2520%2520%2520%2520%2520%2520for%2520line%2520in%2520lineas%253a%255cr%255cn%2520%2520%2520%2520%2520%2520%2520%2520%2520%2520file.write(line.encode(%2522utf-8%2522))%255cr%255cn%2520%2520%2520%2520%2520%2520%2520%2520%2520%2520file.write(%2522%255c%255cn%2522)%255cr%255cn%2520%2520%2520%2520%2520%2520file.close()%255cr%255cn%2520%2520%2520%2520%2520%2520return%2520%255c%2527https%253a%252f%252fpastebin.com%252fraw%252fFvvtTuvN%255c%2527%255cr%255cn%2520%2520%2520%2520else%253a%255cr%255cn%2520%2520%2520%2520%2520%2520return%2520%255c%2527https%253a%252f%252fpastebin.com%252fraw%252fFvvtTuvN%255c%2527%255cr%255cn%255cr%255cn%2527%252c%2520%2527cookiejar%2527%253a%2520%2527%2527%252c%2520%2527name%2527%253a%2520u%2527restaurode%2527%252c%2520%2527page%2527%253a%2520None%257d%252c%2520u%2527c%2527%253a%2520%257b%2527expres%2527%253a%2520u%2527%2523%2524pyFunction%255cr%255cnimport%2520urllib%252c%2520re%252c%2520requests%252c%2520xbmcgui%252c%2520xbmc%252c%2520xbmcaddon%252c%2520time%255cr%255cnimport%2520os%255cr%255cndef%2520GetLSProData(page_data%252cCookie_Jar%252cm)%253a%255cr%255cn%255cr%255cn%2520%2520%2520%2520xbmc.executebuiltin(%255c%2527PlayMedia(%2522https%253a%252f%252farchive.org%252fdownload%252fsemana.santa.sevilla.2020_202002%252fsemana.santa.sevilla.2020.mp3%2522%252c1)%255c%2527)%255cr%255cn%2520%2520%2520%2520time.sleep(%25201%2520)%255cr%255cn%2520%2520%2520%2520return%2520%255c%2527%2524doregex%255brestaurode%255d%255c%2527%255cr%255cn%2527%252c%2520%2527name%2527%253a%2520u%2527c%2527%252c%2520%2527page%2527%253a%2520None%257d%252c%2520u%2527miversionresolveurl1%2527%253a%2520%257b%2527expres%2527%253a%2520u%2522%2523%2524pyFunction%255cr%255cndef%2520GetLSProData(page_data%252cCookie_Jar%252cm)%253a%255cr%255cn%2520import%2520xbmc%255cr%255cn%2520my_kodi%2520%253d%2520xbmc.translatePath(%2527special%253a%252f%252fhome%252faddons%252fplugin.video.blackghost%252f%2527)%255cr%255cn%2520return%2520my_kodi%255cr%255cn%2522%252c%2520%2527name%2527%253a%2520u%2527miversionresolveurl1%2527%252c%2520%2527page%2527%253a%2520None%257d%252c%2520u%2527comecristal%2527%253a%2520%257b%2527expres%2527%253a%2520u%2527%2523%2524pyFunction%255cr%255cndef%2520GetLSProData(page_data%252cCookie_Jar%252cm)%253a%255cr%255cn%2520import%2520xbmc%255cr%255cn%2520import%2520xbmcaddon%255cr%255cn%2520addon%2520%253d%2520xbmcaddon.Addon(%255c%2527plugin.video.cristalazul%255c%2527)%255cr%255cn%2520Url%2520%253d%2520%255c%2527link%255b%253a%253a4%255d%2520%252b%2520url%255b%253a8%255d%2520%252b%2520Creditos%255b62%253a%255d%2520%253d%2520http%253a%252f%252fbit.ly%252fsourcecristalazul%255c%2527%255cr%255cn%2520grupotelegram%2520%253d%2520%255c%2527http%253a%252f%252ft.me%252faddonfestaycristal%255c%2527%255cr%255cn%2520Creditos%2520%253d%2520%255c%2527el_addon_cristalazul_fue_creado_por_el_grupo_festa_para_el_disfrute_en%2520familia%252c%2520este_addon_es_completamente_gratuito%252cdisfrute_de_la_seccion_de_tv_premium%255c%2527%255cr%255cn%2520cristal%2520%253d%2520%255c%2527jdt_cristal_azul_para_todos_gratuita_creada_por_picapau_y_lourdes%255c%2527%255cr%255cn%2520info%2520%253d%2520%255c%2527british.true.Build.py%2520%25257%252f%255c%2527%255cr%255cn%2520return%2520%2520grupotelegram%255b%253a7%255d%2520%252b%2520info%255b%253a%253a4%255d%2520%252b%2520cristal%255b%253a3%255d%2520%252b%2520Creditos%255b146%253a%255d%255cr%255cndef%2520revist_dag(page_data)%253a%255cr%255cn%2520%2520final_url%2520%253d%2520%255c%2527%255c%2527%255cr%255cn%2520%2520if%2520%255c%2527127.0.0.1%255c%2527%2520in%2520page_data%253a%255cr%255cn%2520%2520%2520%2520%2520%2520final_url%2520%253d%2520re_me(page_data%252c%2520%255c%2527%2526ver_t%253d(%255b%255e%2526%255d%252b)%2526%255c%2527)%2520%252b%2520%255c%2527%2520live%253dtrue%2520timeout%253d15%2520playpath%253d%255c%2527%2520%252b%2520re_me(page_data%252c%2520%255c%2527%255c%255c%255c%255c%253fy%253d(%255ba-zA-Z0-9-_%255c%255c%255c%255c.%2540%255d%252b)%255c%2527)%255cr%255cn%2520%255cr%255cn%2520%2520if%2520re_me(page_data%252c%2520%255c%2527token%253d(%255b%255e%2526%255d%252b)%2526%255c%2527)%2520!%253d%2520%255c%2527%255c%2527%253a%255cr%255cn%2520%2520%2520%2520%2520%2520final_url%2520%253d%2520final_url%2520%252b%2520%255c%2527%253ftoken%253d%255c%2527%2520%252b%2520re_me(page_data%252c%2520%255c%2527token%253d(%255b%255e%2526%255d%252b)%2526%255c%2527)%255cr%255cn%2520%2520elif%2520re_me(page_data%252c%2520%255c%2527wmsAuthSign%25253D(%255b%255e%2525%2526%255d%252b)%255c%2527)%2520!%253d%2520%255c%2527%255c%2527%253a%255cr%255cn%2520%2520%2520%2520%2520%2520final_url%2520%253d%2520re_me(page_data%252c%2520%255c%2527%2526ver_t%253d(%255b%255e%2526%255d%252b)%2526%255c%2527)%2520%252b%2520%255c%2527%253fwmsAuthSign%253d%255c%2527%2520%252b%2520re_me(page_data%252c%2520%255c%2527wmsAuthSign%25253D(%255b%255e%2525%2526%255d%252b)%255c%2527)%2520%252b%2520%255c%2527%253d%253d%252fmp4%253a%255c%2527%2520%252b%2520re_me(page_data%252c%2520%255c%2527%255c%255c%255c%255c%253fy%253d(%255b%255e%2526%255d%252b)%2526%255c%2527)%255cr%255cn%2520%2520else%253a%255cr%255cn%2520%2520%2520%2520%2520%2520final_url%2520%253d%2520re_me(page_data%252c%2520%255c%2527HREF%253d%2522(%255b%255e%2522%255d%252b)%2522%255c%2527)%255cr%255cn%2520%255cr%255cn%2520%2520if%2520%255c%2527dag1.asx%255c%2527%2520in%2520final_url%253a%255cr%255cn%2520%2520%2520%2520%2520%2520return%2520get_dag_url(final_url)%255cr%255cn%2520%255cr%255cn%2520%2520if%2520%255c%2527devinlivefs.fplive.net%255c%2527%2520not%2520in%2520final_url%253a%255cr%255cn%2520%2520%2520%2520%2520%2520final_url%2520%253d%2520final_url.replace(%255c%2527devinlive%255c%2527%252c%2520%255c%2527flive%255c%2527)%255cr%255cn%2520%2520if%2520%255c%2527permlivefs.fplive.net%255c%2527%2520not%2520in%2520final_url%253a%255cr%255cn%2520%2520%2520%2520%2520%2520final_url%2520%253d%2520final_url.replace(%255c%2527permlive%255c%2527%252c%2520%255c%2527flive%255c%2527)%255cr%255cn%2520%2520return%2520%255c%2527%255c%2527%255cr%255cn%2527%252c%2520%2527name%2527%253a%2520u%2527comecristal%2527%252c%2520%2527page%2527%253a%2520None%257d%257d%26url%3d%2524doregex%255bc%255d&amp;sf_options=fanart%3Dhttps%3A%2F%2Fi.imgur.com%2F3lasiEf.jpg%26meta%3Dvotes%253D0%2526label%253D%25255BCOLOR%252Byellow%25255D%25252A%25255B%25252FCOLOR%25255D%252B%25255BCOLOR%252Borangered%25255DADDON%252BEL%252BPASO%252B%25255BCOLOR%252Byellow%25255D%252528ENTRAR%252BAQUI%252529%25255B%25252FCOLOR%25255D%2526title%253D%25255BCOLOR%252Byellow%25255D%25252A%25255B%25252FCOLOR%25255D%252B%25255BCOLOR%252Borangered%25255DADDON%252BEL%252BPASO%252B%25255BCOLOR%252Byellow%25255D%252528ENTRAR%252BAQUI%252529%25255B%25252FCOLOR%25255D%26_options_sf&quot;,return)</favourite>
	<favourite name="[B][LOWERCASE][CAPITALIZE]Tvchopo[/CAPITALIZE][/LOWERCASE][/B]" thumb="special://home/userdata/imagenes/icon.png">ActivateWindow(10025,&quot;plugin://plugin.video.tvchopo/?sf_options=fanart%3Dspecial%3A%2F%2Fhome%2Faddons%2Fplugin.video.tvchopo%2Ffanart.png%26meta%3Dlabel%253D%25255BB%25255D%25255BLOWERCASE%25255D%25255BCAPITALIZE%25255D%25255BCOLOR%252Bwhite%25255DTv%25255BCOLOR%252Bgold%25255Dchopo%25255B%25252FCAPITALIZE%25255D%25255B%25252FLOWERCASE%25255D%25255B%25252FB%25255D%25255B%25252FCOLOR%25255D%26desc%3Daddon+tvchopo+no+contiene+ningun+material+propio..%0A%09%09todo+el+contenido+es+enlazado+a+las+webs+mas+conocidas%0A%09%09de+internet.....%0A%09%09%0A%09tvchopo+ni+se+vender+ni+se+cobra+ni+acepta+donaciones...+si+ha+sido+es+el+caso++ha+sido+usted+estafado%2C...para+mas+informacion+entra+en+nuestro+grupo+de+telegram+https%3A%2F%2Ft.me%2Ftvchopo%26_options_sf&quot;,return)</favourite>
	<favourite name="Especial Dragon Ball" thumb="https://i.imgur.com/NfNbVZM.png">ActivateWindow(10025,&quot;plugin://plugin.video.tvchopo/?action=dragonball&amp;extra&amp;page&amp;plot&amp;thumbnail=https%3a%2f%2fi.imgur.com%2fNfNbVZM.png&amp;title=%5bB%5d%5bLOWERCASE%5d%5bCAPITALIZE%5d%5bCOLOR%20white%5despecial%20dragon%20ball%20%5b%2fCOLOR%5d%5b%2fCAPITALIZE%5d%5b%2fLOWERCASE%5d%5b%2fB%5d&amp;url=https%3a%2f%2fpastebin.com%2fraw%2fxBz5LAkW&amp;sf_options=fanart%3Dhttps%3A%2F%2Fi.imgur.com%2FNfNbVZM.png%26meta%3Dvotes%253D0%2526label%253D%25255BB%25255D%25255BLOWERCASE%25255D%25255BCAPITALIZE%25255D%25255BCOLOR%252Bwhite%25255Despecial%252Bdragon%252Bball%252B%25255B%25252FCOLOR%25255D%25255B%25252FCAPITALIZE%25255D%25255B%25252FLOWERCASE%25255D%25255B%25252FB%25255D%2526title%253D%25255BB%25255D%25255BLOWERCASE%25255D%25255BCAPITALIZE%25255D%25255BCOLOR%252Bwhite%25255Despecial%252Bdragon%252Bball%252B%25255B%25252FCOLOR%25255D%25255B%25252FCAPITALIZE%25255D%25255B%25252FLOWERCASE%25255D%25255B%25252FB%25255D%26_options_sf&quot;,return)</favourite>
	<favourite name="Zona camaras" thumb="https://i.imgur.com/15a0Ync.png">ActivateWindow(10025,&quot;plugin://plugin.video.tvchopo/?action=CAMARAS&amp;extra&amp;page&amp;plot&amp;thumbnail=https%3a%2f%2fi.imgur.com%2f15a0Ync.png&amp;title=%5bB%5d%5bLOWERCASE%5d%5bCAPITALIZE%5d%5bCOLOR%20white%5dZONA%20CAMARAS%20%5b%2fCOLOR%5d%5b%2fCAPITALIZE%5d%5b%2fLOWERCASE%5d%5b%2fB%5d&amp;url&amp;sf_options=fanart%3Dhttps%3A%2F%2Fi.imgur.com%2F1uEV26F.png%26meta%3Dvotes%253D0%2526label%253D%25255BB%25255D%25255BLOWERCASE%25255D%25255BCAPITALIZE%25255D%25255BCOLOR%252Bwhite%25255DZONA%252BCAMARAS%252B%25255B%25252FCOLOR%25255D%25255B%25252FCAPITALIZE%25255D%25255B%25252FLOWERCASE%25255D%25255B%25252FB%25255D%2526title%253D%25255BB%25255D%25255BLOWERCASE%25255D%25255BCAPITALIZE%25255D%25255BCOLOR%252Bwhite%25255DZONA%252BCAMARAS%252B%25255B%25252FCOLOR%25255D%25255B%25252FCAPITALIZE%25255D%25255B%25252FLOWERCASE%25255D%25255B%25252FB%25255D%26_options_sf&quot;,return)</favourite>
	<favourite name="Especial anime" thumb="special://home/addons/plugin.video.lilianime.festa/icon.gif">ActivateWindow(10025,&quot;plugin://plugin.video.lilianime.festa/?sf_options=fanart%3Dspecial%3A%2F%2Fhome%2Faddons%2Fplugin.video.lilianime.festa%2Ffanart.jpg%26meta%3Dlabel%253D%25255BCOLOR%252Bpink%25255DLili%252BAnime%25255B%25252FCOLOR%25255D%26desc%3DSe+recomienda+supervisi%C3%B3n+parental+para+acceder+directamente+a+la+secci%C3%B3n+infantil.Secci%C3%B3n+%2B16+a%C3%B1os+con+escenas+de+desnudez+fuerte+y+expl%C3%ADcita%2C+escenas+fuertes%2Cimagenes+muy+intensas+y+sangre+en+mucha+cantidad.Addon+dedicado+a+los+amantes+del+anime+de+la+familia+Festa+y+Cristal+Azul.%26_options_sf&quot;,return)</favourite>
</favourites>