<favourites>
	<favourite name="Canales premium" thumb="">ActivateWindow(&quot;TVChannels&quot;,&quot;TVChannels&quot;,return)</favourite>
	<favourite name="TV Kodispain" thumb="special://home/userdata/imagenes/icon.png">ActivateWindow(10025,&quot;plugin://plugin.video.kodispaintv/?fanart=https%3a%2f%2fs18.postimg.cc%2fag35dol6h%2fkodispaintv_fanart.jpg&amp;mode=1&amp;name=%5bCOLOR%20red%5d%e2%80%a2%20%5b%2fCOLOR%5d%5bCOLOR%20white%5dCANALES%20DE%20ESPA%c3%91A%5b%2fCOLOR%5d&amp;url=http%3a%2f%2fbit.ly%2fCANALES_DE_ESPANIA_MOD&amp;sf_options=fanart%3Dhttps%3A%2F%2Fs18.postimg.cc%2Fag35dol6h%2Fkodispaintv_fanart.jpg%26meta%3Dvotes%253D0%2526label%253D%25255BCOLOR%252Bred%25255D%2525E2%252580%2525A2%252B%25255B%25252FCOLOR%25255D%25255BCOLOR%252Bwhite%25255DCANALES%252BDE%252BESPA%2525C3%252591A%25255B%25252FCOLOR%25255D%2526title%253D%25255BCOLOR%252Bred%25255D%2525E2%252580%2525A2%252B%25255B%25252FCOLOR%25255D%25255BCOLOR%252Bwhite%25255DCANALES%252BDE%252BESPA%2525C3%252591A%25255B%25252FCOLOR%25255D%26_options_sf&quot;,return)</favourite>
	<favourite name="TV premium" thumb="special://home/userdata/imagenes/icon.png">ActivateWindow(10025,&quot;plugin://plugin.video.tvchopo/?action=tvpremium&amp;extra&amp;page&amp;plot&amp;thumbnail=https%3a%2f%2fi.imgur.com%2fBUwC61f.png&amp;title=%5bB%5d%5bLOWERCASE%5d%5bCAPITALIZE%5d%5bCOLOR%20white%5dzona%20tv%20premium%5b%2fCOLOR%5d%5b%2fCAPITALIZE%5d%5b%2fLOWERCASE%5d%5b%2fB%5d&amp;url&amp;sf_options=fanart%3Dhttps%3A%2F%2Fi.imgur.com%2FeTMrlxO.png%26meta%3Dvotes%253D0%2526label%253D%25255BB%25255D%25255BLOWERCASE%25255D%25255BCAPITALIZE%25255D%25255BCOLOR%252Bwhite%25255Dzona%252Btv%252Bpremium%25255B%25252FCOLOR%25255D%25255B%25252FCAPITALIZE%25255D%25255B%25252FLOWERCASE%25255D%25255B%25252FB%25255D%2526title%253D%25255BB%25255D%25255BLOWERCASE%25255D%25255BCAPITALIZE%25255D%25255BCOLOR%252Bwhite%25255Dzona%252Btv%252Bpremium%25255B%25252FCOLOR%25255D%25255B%25252FCAPITALIZE%25255D%25255B%25252FLOWERCASE%25255D%25255B%25252FB%25255D%26_options_sf&quot;,return)</favourite>
	<favourite name="Canales TDT" thumb="special://home/userdata/imagenes/icon.png">ActivateWindow(10025,&quot;plugin://plugin.video.playlistLoader/?cache=0&amp;iconimage=%2fstorage%2femulated%2f0%2fAndroid%2fdata%2forg.xbmc.kodi%2ffiles%2f.kodi%2faddons%2fplugin.video.playlistLoader%2fresources%2fimages%2fdefault-list-image.png&amp;logos&amp;mode=2&amp;name=%5bTDT%5d&amp;url=https%3a%2f%2ftdtchannels.com%2flists%2ftv.m3u&amp;uuid=b746c632-7cc5-4dad-b515-c83466b4a981&amp;sf_options=meta%3Dvotes%253D0%2526label%253D%25255BTDT%25255D%2526title%253D%25255BTDT%25255D%26_options_sf&quot;,return)</favourite>
</favourites>