<favourites>
	<favourite name="Add-ons de vídeo" thumb="DefaultAddonVideo.png">ActivateWindow(10025,&quot;library://video/addons.xml/&quot;,return)</favourite>
	<favourite name="Add-ons de música" thumb="DefaultAddonMusic.png">ActivateWindow(10502,&quot;library://music/addons.xml/&quot;,return)</favourite>
	<favourite name="Add-ons de programas" thumb="DefaultAddonProgram.png">ActivateWindow(10001,&quot;addons://sources/executable/&quot;,return)</favourite>
	<favourite name="Gestor Addons" thumb="">ActivateWindow(AddonBrowser)</favourite>
</favourites>