<favourites>
	<favourite name="Noise (buscador de musica)" thumb="special://home/userdata/imagenes/icon.png">ActivateWindow(10025,&quot;plugin://plugin.video.noise/?sf_options=fanart%3Dspecial%3A%2F%2Fhome%2Faddons%2Fplugin.video.noise%2Ffanart.jpg%26meta%3Dlabel%253DNoise%26desc%3DAddon+con+millones+de+albumes+de+m%C3%BAsica+para+escuchar%21%26_options_sf&quot;,return)</favourite>
	<favourite name="YouTube (estilo clasico" thumb="special://home/userdata/imagenes/icon.png">ActivateWindow(10025,&quot;plugin://plugin.video.youtube/?sf_options=fanart%3Dspecial%3A%2F%2Fhome%2Faddons%2Fplugin.video.youtube%2Ffanart.jpg%26meta%3Dlabel%253DYouTube%26desc%3DYouTube+es+uno+de+los+sitios+web+para+compartir+videos+m%C3%A1s+grande+del+mundo.%26_options_sf&quot;,return)</favourite>
	<favourite name="YouTube Android (estilo smarttv)" thumb="special://home/userdata/imagenes/icon.png">StartAndroidActivity(&quot;com.google.android.youtube.tv?sf_options=meta%3Dlabel%253DYouTube%26_options_sf&quot;)</favourite>
	<favourite name="Karaoke" thumb="special://home/userdata/imagenes/icon.png">ActivateWindow(10025,&quot;plugin://plugin.video.tvchopo/?action=MENU_karaokes&amp;extra&amp;page&amp;plot&amp;thumbnail=https%3a%2f%2fthumb1.shutterstock.com%2fdisplay_pic_with_logo%2f1714303%2f575474653%2fstock-vector-vector-logo-karaoke-575474653.jpg&amp;title=%5bB%5d%5bLOWERCASE%5d%5bCAPITALIZE%5d%5bCOLOR%20white%5dkaraokes%20chopo%20%5b%2fCOLOR%5d%5b%2fCAPITALIZE%5d%5b%2fLOWERCASE%5d%5b%2fB%5d&amp;url&amp;sf_options=fanart%3Dhttps%3A%2F%2Fthumb1.shutterstock.com%2Fdisplay_pic_with_logo%2F1714303%2F575474653%2Fstock-vector-vector-logo-karaoke-575474653.jpg%26meta%3Dvotes%253D0%2526label%253D%25255BB%25255D%25255BLOWERCASE%25255D%25255BCAPITALIZE%25255D%25255BCOLOR%252Bwhite%25255Dkaraokes%252Bchopo%252B%25255B%25252FCOLOR%25255D%25255B%25252FCAPITALIZE%25255D%25255B%25252FLOWERCASE%25255D%25255B%25252FB%25255D%2526title%253D%25255BB%25255D%25255BLOWERCASE%25255D%25255BCAPITALIZE%25255D%25255BCOLOR%252Bwhite%25255Dkaraokes%252Bchopo%252B%25255B%25252FCOLOR%25255D%25255B%25252FCAPITALIZE%25255D%25255B%25252FLOWERCASE%25255D%25255B%25252FB%25255D%26_options_sf&quot;,return)</favourite>
	<favourite name="Emisoras radio" thumb="special://home/userdata/imagenes/icon.png">ActivateWindow(10025,&quot;plugin://plugin.video.playlistLoader/?cache=0&amp;iconimage=%2fstorage%2femulated%2f0%2fAndroid%2fdata%2forg.xbmc.kodi%2ffiles%2f.kodi%2faddons%2fplugin.video.playlistLoader%2fresources%2fimages%2fdefault-list-image.png&amp;logos&amp;mode=2&amp;name=%5bradio%5d&amp;url=https%3a%2f%2fwww.tdtchannels.com%2flists%2fradio.m3u&amp;uuid=43dae538-4f16-4d8d-a492-1badbf1f85b7&amp;sf_options=meta%3Dvotes%253D0%2526label%253D%25255Bradio%25255D%2526title%253D%25255Bradio%25255D%26_options_sf&quot;,return)</favourite>
</favourites>