<favourites>
	<favourite name="[COLOR yellow]Noise (buscador de musica)[/COLOR]" thumb="special://home/userdata/imagenes/icon.png">ActivateWindow(10025,&quot;plugin://plugin.video.noise/?sf_options=fanart%3Dspecial%3A%2F%2Fhome%2Faddons%2Fplugin.video.noise%2Ffanart.jpg%26meta%3Dlabel%253DNoise%26desc%3DAddon+con+millones+de+albumes+de+m%C3%BAsica+para+escuchar%21%26_options_sf&quot;,return)</favourite>
	<favourite name="[COLOR yellow]YouTube (estilo clasico)[/COLOR]" thumb="special://home/userdata/imagenes/icon.png">ActivateWindow(10025,&quot;plugin://plugin.video.youtube/?sf_options=fanart%3Dspecial%3A%2F%2Fhome%2Faddons%2Fplugin.video.youtube%2Ffanart.jpg%26meta%3Dlabel%253DYouTube%26desc%3DYouTube+es+uno+de+los+sitios+web+para+compartir+videos+m%C3%A1s+grande+del+mundo.%26_options_sf&quot;,return)</favourite>
	<favourite name="[COLOR yellow]YouTube Android (estilo smarttv)[/COLOR]" thumb="special://home/userdata/imagenes/icon.png">StartAndroidActivity(&quot;com.google.android.youtube.tv?sf_options=meta%3Dlabel%253DYouTube%26_options_sf&quot;)</favourite>
	<favourite name="[COLOR yellow]Next[/COLOR]" thumb="special://home/userdata/imagenes/icon.png">ActivateWindow(10025,&quot;plugin://plugin.video.next/?sf_options=fanart%3Dspecial%3A%2F%2Fhome%2Faddons%2Fplugin.video.next%2Ffanart.jpg%26meta%3Dlabel%253D%25255BCOLOR%252Bblue%25255DNEXT%25255B%25252FCOLOR%25255D%26desc%3DMusica+Actual+Y+Retro.%26_options_sf&quot;,return)</favourite>
	<favourite name="[COLOR yellow]Radio[/COLOR]" thumb="special://home/userdata/imagenes/icon.png">ActivateWindow(radiochannels)</favourite>
	<favourite name="[COLOR yellow]Karaoke[/COLOR]" thumb="special://home/userdata/imagenes/icon.png">ActivateWindow(10025,&quot;plugin://plugin.video.tvchopo/?action=MENU_karaokes&amp;extra&amp;page&amp;plot&amp;thumbnail=https%3a%2f%2fthumb1.shutterstock.com%2fdisplay_pic_with_logo%2f1714303%2f575474653%2fstock-vector-vector-logo-karaoke-575474653.jpg&amp;title=%5bB%5d%5bLOWERCASE%5d%5bCAPITALIZE%5d%5bCOLOR%20white%5dkaraokes%20chopo%20%5b%2fCOLOR%5d%5b%2fCAPITALIZE%5d%5b%2fLOWERCASE%5d%5b%2fB%5d&amp;url&amp;sf_options=fanart%3Dhttps%3A%2F%2Fthumb1.shutterstock.com%2Fdisplay_pic_with_logo%2F1714303%2F575474653%2Fstock-vector-vector-logo-karaoke-575474653.jpg%26meta%3Dvotes%253D0%2526label%253D%25255BB%25255D%25255BLOWERCASE%25255D%25255BCAPITALIZE%25255D%25255BCOLOR%252Bwhite%25255Dkaraokes%252Bchopo%252B%25255B%25252FCOLOR%25255D%25255B%25252FCAPITALIZE%25255D%25255B%25252FLOWERCASE%25255D%25255B%25252FB%25255D%2526title%253D%25255BB%25255D%25255BLOWERCASE%25255D%25255BCAPITALIZE%25255D%25255BCOLOR%252Bwhite%25255Dkaraokes%252Bchopo%252B%25255B%25252FCOLOR%25255D%25255B%25252FCAPITALIZE%25255D%25255B%25252FLOWERCASE%25255D%25255B%25252FB%25255D%26_options_sf&quot;,return)</favourite>
</favourites>